n,t_lapack,t_handwriting
5,1.7e-05,1e-06
50,0.000157,0.000605
500,0.085712,0.411392
1000,0.670633,3.52434
5000,119.885,586.248
